{
  "y": {
    "adf_stat": -2.578615150565531,
    "pvalue": 0.09749811750530879,
    "critical": {
      "1%": -3.4333740509447717,
      "5%": -2.8628759187993382,
      "10%": -2.567481176655697
    }
  },
  "f1": {
    "adf_stat": -7.199874736463137,
    "pvalue": 2.380844743621705e-10,
    "critical": {
      "1%": -3.4333824650008378,
      "5%": -2.862879633943035,
      "10%": -2.5674831547315
    }
  },
  "f2": {
    "adf_stat": -0.611654080550762,
    "pvalue": 0.8683268779065793,
    "critical": {
      "1%": -3.4333824650008378,
      "5%": -2.862879633943035,
      "10%": -2.5674831547315
    }
  },
  "f3": {
    "adf_stat": -7.076497042769537,
    "pvalue": 4.786903462857214e-10,
    "critical": {
      "1%": -3.4333810594081227,
      "5%": -2.862879013318124,
      "10%": -2.5674828242884087
    }
  },
  "f4": {
    "adf_stat": -5.702781199261898,
    "pvalue": 7.608113447669536e-07,
    "critical": {
      "1%": -3.4333824650008378,
      "5%": -2.862879633943035,
      "10%": -2.5674831547315
    }
  },
  "f5": {
    "adf_stat": -2.5845941047747134,
    "pvalue": 0.09622334000894966,
    "critical": {
      "1%": -3.4333796551178315,
      "5%": -2.862878393267993,
      "10%": -2.5674824941514
    }
  }
}