,Attention,Baseline
RMSE,1.238600015222703,0.9663133597999894
MAE,1.0093679283470816,0.7826163376715989
MAPE,9.324695108428413,6.837162362490025
