,RMSE,MAE,MAPE(%)
Attention-LSTM,1.3698815192153773,1.1008459682451055,9.156069075116854
Baseline-LSTM,1.7344944002940925,1.4533543900567505,13.30437207254628
