,mean,scale
y,5.122745337012247,4.116726219376871
